index,tx_item1,tx_price1,tx_item2,tx_price2,expected_action1,expected_action2,rx_index,rx_item1,rx_action1,rx_item2,rx_action2,rx_reserved,action1_correct,action2_correct,packet_correct,status,latency_us
0,0x11,59,0x22,27,IGNORED,IGNORED,0,0x11,NONE,0x22,NONE,0x0000,,,,IGNORED_WARMUP,17314.50
1,0x11,21,0x22,56,IGNORED,IGNORED,1,0x11,NONE,0x22,NONE,0x0000,,,,IGNORED_WARMUP,14024.40
2,0x11,39,0x22,83,IGNORED,IGNORED,2,0x11,NONE,0x22,NONE,0x0000,,,,IGNORED_WARMUP,13142.60
3,0x11,16,0x22,8,IGNORED,IGNORED,3,0x11,NONE,0x22,NONE,0x0000,,,,IGNORED_WARMUP,13288.90
4,0x11,66,0x22,67,IGNORED,IGNORED,4,0x11,NONE,0x22,NONE,0x0000,,,,IGNORED_WARMUP,12982.50
5,0x11,24,0x22,85,IGNORED,IGNORED,5,0x11,NONE,0x22,NONE,0x0000,,,,IGNORED_WARMUP,13100.50
6,0x11,44,0x22,1,IGNORED,IGNORED,6,0x11,NONE,0x22,NONE,0x0000,,,,IGNORED_WARMUP,13554.50
7,0x11,36,0x22,49,IGNORED,IGNORED,7,0x11,NONE,0x22,NONE,0x0000,,,,IGNORED_WARMUP,13442.10
8,0x11,35,0x22,67,IGNORED,IGNORED,8,0x11,NONE,0x22,NONE,0x0000,,,,IGNORED_WARMUP,13384.00
9,0x11,83,0x22,59,IGNORED,IGNORED,9,0x11,NONE,0x22,NONE,0x0000,,,,IGNORED_WARMUP,12514.40
10,0x11,11,0x22,6,IGNORED,IGNORED,10,0x11,NONE,0x22,NONE,0x0000,,,,IGNORED_WARMUP,13650.30
11,0x11,73,0x22,36,IGNORED,IGNORED,11,0x11,NONE,0x22,NONE,0x0000,,,,IGNORED_WARMUP,13426.70
12,0x11,94,0x22,33,IGNORED,IGNORED,12,0x11,NONE,0x22,NONE,0x0000,,,,IGNORED_WARMUP,30494.40
13,0x11,83,0x22,24,IGNORED,IGNORED,13,0x11,NONE,0x22,NONE,0x0000,,,,IGNORED_WARMUP,12114.00
14,0x11,68,0x22,65,IGNORED,IGNORED,14,0x11,NONE,0x22,NONE,0x0000,,,,IGNORED_WARMUP,13238.40
15,0x11,3,0x22,13,IGNORED,IGNORED,15,0x11,NONE,0x22,NONE,0x0000,,,,IGNORED_WARMUP,13759.70
16,0x22,69,0x11,32,BUY,NONE,16,0x22,BUY,0x11,NONE,0x0000,YES,YES,YES,CORRECT,12924.10
17,0x11,70,0x22,78,BUY,BUY,17,0x11,BUY,0x22,BUY,0x0000,YES,YES,YES,CORRECT,14079.80
18,0x11,61,0x22,21,BUY,SELL,18,0x11,BUY,0x22,SELL,0x0000,YES,YES,YES,CORRECT,12913.20
19,0x11,55,0x22,91,BUY,BUY,19,0x11,BUY,0x22,BUY,0x0000,YES,YES,YES,CORRECT,14377.20
20,0x22,47,0x11,73,BUY,BUY,20,0x22,BUY,0x11,BUY,0x0000,YES,YES,YES,CORRECT,12804.40
21,0x22,28,0x11,20,SELL,SELL,21,0x22,SELL,0x11,SELL,0x0000,YES,YES,YES,CORRECT,14228.00
22,0x11,19,0x22,34,SELL,SELL,22,0x11,SELL,0x22,SELL,0x0000,YES,YES,YES,CORRECT,12021.60
23,0x22,49,0x11,75,BUY,BUY,23,0x22,BUY,0x11,BUY,0x0000,YES,YES,YES,CORRECT,13046.40
24,0x22,62,0x11,16,BUY,SELL,24,0x22,BUY,0x11,SELL,0x0000,YES,YES,YES,CORRECT,12531.60
25,0x22,82,0x11,97,BUY,BUY,25,0x22,BUY,0x11,BUY,0x0000,YES,YES,YES,CORRECT,13719.40
26,0x11,11,0x22,78,SELL,BUY,26,0x11,SELL,0x22,BUY,0x0000,YES,YES,YES,CORRECT,14173.00
27,0x11,22,0x22,64,SELL,BUY,27,0x11,SELL,0x22,BUY,0x0000,YES,YES,YES,CORRECT,12596.40
28,0x22,44,0x11,67,SELL,BUY,28,0x22,SELL,0x11,BUY,0x0000,YES,YES,YES,CORRECT,12748.30
29,0x11,87,0x22,81,BUY,BUY,29,0x11,BUY,0x22,BUY,0x0000,YES,YES,YES,CORRECT,13928.20
30,0x11,48,0x22,90,BUY,BUY,30,0x11,BUY,0x22,BUY,0x0000,YES,YES,YES,CORRECT,13003.00
31,0x22,90,0x11,93,BUY,BUY,31,0x22,BUY,0x11,BUY,0x0000,YES,YES,YES,CORRECT,13234.40
32,0x11,52,0x22,20,SELL,SELL,32,0x11,SELL,0x22,SELL,0x0000,YES,YES,YES,CORRECT,12813.40
33,0x22,84,0x11,89,BUY,BUY,33,0x22,BUY,0x11,BUY,0x0000,YES,YES,YES,CORRECT,13703.50
34,0x22,68,0x11,95,BUY,BUY,34,0x22,BUY,0x11,BUY,0x0000,YES,YES,YES,CORRECT,12771.90
35,0x11,82,0x22,99,BUY,BUY,35,0x11,BUY,0x22,BUY,0x0000,YES,YES,YES,CORRECT,13007.70
36,0x11,21,0x22,48,SELL,SELL,36,0x11,SELL,0x22,SELL,0x0000,YES,YES,YES,CORRECT,12375.00
37,0x22,80,0x11,87,BUY,BUY,37,0x22,BUY,0x11,BUY,0x0000,YES,YES,YES,CORRECT,13319.20
38,0x22,28,0x11,22,SELL,SELL,38,0x22,SELL,0x11,SELL,0x0000,YES,YES,YES,CORRECT,12649.20
39,0x22,65,0x11,4,SELL,SELL,39,0x22,SELL,0x11,SELL,0x0000,YES,YES,YES,CORRECT,13103.10
40,0x11,56,0x22,61,SELL,SELL,40,0x11,SELL,0x22,SELL,0x0000,YES,YES,YES,CORRECT,13865.10
41,0x11,47,0x22,66,SELL,SELL,41,0x11,SELL,0x22,SELL,0x0000,YES,YES,YES,CORRECT,13300.90
42,0x22,74,0x11,46,BUY,SELL,42,0x22,BUY,0x11,SELL,0x0000,YES,YES,YES,CORRECT,12763.00
43,0x22,34,0x11,15,SELL,SELL,43,0x22,SELL,0x11,SELL,0x0000,YES,YES,YES,CORRECT,12953.70
44,0x11,87,0x22,3,BUY,SELL,44,0x11,BUY,0x22,SELL,0x0000,YES,YES,YES,CORRECT,13711.70
45,0x11,63,0x22,48,BUY,SELL,45,0x11,BUY,0x22,SELL,0x0000,YES,YES,YES,CORRECT,11936.00
46,0x11,59,0x22,35,BUY,SELL,46,0x11,BUY,0x22,SELL,0x0000,YES,YES,YES,CORRECT,12905.00
47,0x22,65,0x11,40,BUY,SELL,47,0x22,BUY,0x11,SELL,0x0000,YES,YES,YES,CORRECT,12389.30
48,0x22,45,0x11,13,SELL,SELL,48,0x22,SELL,0x11,SELL,0x0000,YES,YES,YES,CORRECT,12844.00
49,0x11,69,0x22,71,BUY,BUY,49,0x11,BUY,0x22,BUY,0x0000,YES,YES,YES,CORRECT,13028.20
50,0x22,38,0x11,74,SELL,BUY,50,0x22,SELL,0x11,BUY,0x0000,YES,YES,YES,CORRECT,13103.60
51,0x22,51,0x11,27,BUY,SELL,51,0x22,BUY,0x11,SELL,0x0000,YES,YES,YES,CORRECT,13082.60
52,0x11,70,0x22,23,BUY,SELL,52,0x11,BUY,0x22,SELL,0x0000,YES,YES,YES,CORRECT,13234.80
53,0x22,98,0x11,57,BUY,BUY,53,0x22,BUY,0x11,BUY,0x0000,YES,YES,YES,CORRECT,12795.40
54,0x22,9,0x11,75,SELL,BUY,54,0x22,SELL,0x11,BUY,0x0000,YES,YES,YES,CORRECT,12963.50
55,0x11,24,0x22,26,SELL,SELL,55,0x11,SELL,0x22,SELL,0x0000,YES,YES,YES,CORRECT,13227.70
56,0x11,20,0x22,8,SELL,SELL,56,0x11,SELL,0x22,SELL,0x0000,YES,YES,YES,CORRECT,13250.40
57,0x22,99,0x11,64,BUY,BUY,57,0x22,BUY,0x11,BUY,0x0000,YES,YES,YES,CORRECT,13462.70
58,0x22,57,0x11,59,BUY,BUY,58,0x22,BUY,0x11,BUY,0x0000,YES,YES,YES,CORRECT,13408.30
59,0x22,30,0x11,32,SELL,SELL,59,0x22,SELL,0x11,SELL,0x0000,YES,YES,YES,CORRECT,13196.40
60,0x11,62,0x22,14,BUY,SELL,60,0x11,BUY,0x22,SELL,0x0000,YES,YES,YES,CORRECT,13191.20
61,0x22,88,0x11,51,BUY,BUY,61,0x22,BUY,0x11,BUY,0x0000,YES,YES,YES,CORRECT,13426.10
62,0x22,4,0x11,56,SELL,BUY,62,0x22,SELL,0x11,BUY,0x0000,YES,YES,YES,CORRECT,13862.60
63,0x11,26,0x22,22,SELL,SELL,63,0x11,SELL,0x22,SELL,0x0000,YES,YES,YES,CORRECT,12730.60
64,0x22,88,0x11,89,BUY,BUY,64,0x22,BUY,0x11,BUY,0x0000,YES,YES,YES,CORRECT,13744.40
65,0x22,99,0x11,95,BUY,BUY,65,0x22,BUY,0x11,BUY,0x0000,YES,YES,YES,CORRECT,12558.20
66,0x22,38,0x11,79,SELL,BUY,66,0x22,SELL,0x11,BUY,0x0000,YES,YES,YES,CORRECT,13637.90
67,0x11,92,0x22,36,BUY,SELL,67,0x11,BUY,0x22,SELL,0x0000,YES,YES,YES,CORRECT,12878.60
68,0x22,50,0x11,16,BUY,SELL,68,0x22,BUY,0x11,SELL,0x0000,YES,YES,YES,CORRECT,14122.00
69,0x11,51,0x22,89,SELL,BUY,69,0x11,SELL,0x22,BUY,0x0000,YES,YES,YES,CORRECT,12419.50
70,0x22,28,0x11,78,SELL,BUY,70,0x22,SELL,0x11,BUY,0x0000,YES,YES,YES,CORRECT,13490.90
71,0x11,81,0x22,77,BUY,BUY,71,0x11,BUY,0x22,BUY,0x0000,YES,YES,YES,CORRECT,14189.10
72,0x22,93,0x11,57,BUY,SELL,72,0x22,BUY,0x11,SELL,0x0000,YES,YES,YES,CORRECT,14443.70
73,0x11,62,0x22,72,BUY,BUY,73,0x11,BUY,0x22,BUY,0x0000,YES,YES,YES,CORRECT,13196.30
74,0x22,30,0x11,63,SELL,BUY,74,0x22,SELL,0x11,BUY,0x0000,YES,YES,YES,CORRECT,13280.00
75,0x22,82,0x11,18,BUY,SELL,75,0x22,BUY,0x11,SELL,0x0000,YES,YES,YES,CORRECT,12210.60
76,0x11,2,0x22,59,SELL,BUY,76,0x11,SELL,0x22,BUY,0x0000,YES,YES,YES,CORRECT,13790.50
77,0x22,31,0x11,77,SELL,BUY,77,0x22,SELL,0x11,BUY,0x0000,YES,YES,YES,CORRECT,13096.50
78,0x11,10,0x22,68,SELL,BUY,78,0x11,SELL,0x22,BUY,0x0000,YES,YES,YES,CORRECT,13561.70
79,0x22,49,0x11,69,SELL,BUY,79,0x22,SELL,0x11,BUY,0x0000,YES,YES,YES,CORRECT,12424.30
80,0x11,82,0x22,52,BUY,SELL,80,0x11,BUY,0x22,SELL,0x0000,YES,YES,YES,CORRECT,13519.50
81,0x11,64,0x22,18,BUY,SELL,81,0x11,BUY,0x22,SELL,0x0000,YES,YES,YES,CORRECT,12845.20
82,0x22,77,0x11,1,BUY,SELL,82,0x22,BUY,0x11,SELL,0x0000,YES,YES,YES,CORRECT,13759.40
83,0x11,83,0x22,0,BUY,SELL,83,0x11,BUY,0x22,SELL,0x0000,YES,YES,YES,CORRECT,12892.30
84,0x22,76,0x11,77,BUY,BUY,84,0x22,BUY,0x11,BUY,0x0000,YES,YES,YES,CORRECT,13564.50
85,0x11,82,0x22,82,BUY,BUY,85,0x11,BUY,0x22,BUY,0x0000,YES,YES,YES,CORRECT,14183.30
86,0x22,22,0x11,13,SELL,SELL,86,0x22,SELL,0x11,SELL,0x0000,YES,YES,YES,CORRECT,13961.30
87,0x11,81,0x22,72,BUY,BUY,87,0x11,BUY,0x22,BUY,0x0000,YES,YES,YES,CORRECT,13455.30
88,0x22,86,0x11,85,BUY,BUY,88,0x22,BUY,0x11,BUY,0x0000,YES,YES,YES,CORRECT,13268.00
89,0x22,24,0x11,17,SELL,SELL,89,0x22,SELL,0x11,SELL,0x0000,YES,YES,YES,CORRECT,13280.80
90,0x11,16,0x22,9,SELL,SELL,90,0x11,SELL,0x22,SELL,0x0000,YES,YES,YES,CORRECT,13394.80
91,0x22,13,0x11,69,SELL,BUY,91,0x22,SELL,0x11,BUY,0x0000,YES,YES,YES,CORRECT,12816.40
92,0x11,73,0x22,87,BUY,BUY,92,0x11,BUY,0x22,BUY,0x0000,YES,YES,YES,CORRECT,13247.40
93,0x11,72,0x22,81,BUY,BUY,93,0x11,BUY,0x22,BUY,0x0000,YES,YES,YES,CORRECT,12963.40
94,0x22,58,0x11,32,BUY,SELL,94,0x22,BUY,0x11,SELL,0x0000,YES,YES,YES,CORRECT,14782.80
95,0x22,32,0x11,32,SELL,SELL,95,0x22,SELL,0x11,SELL,0x0000,YES,YES,YES,CORRECT,13855.50
96,0x11,58,0x22,86,BUY,BUY,96,0x11,BUY,0x22,BUY,0x0000,YES,YES,YES,CORRECT,13040.60
97,0x22,83,0x11,47,BUY,SELL,97,0x22,BUY,0x11,SELL,0x0000,YES,YES,YES,CORRECT,13132.10
98,0x22,26,0x11,7,SELL,SELL,98,0x22,SELL,0x11,SELL,0x0000,YES,YES,YES,CORRECT,14065.80
99,0x22,87,0x11,38,BUY,SELL,99,0x22,BUY,0x11,SELL,0x0000,YES,YES,YES,CORRECT,12991.00
